{
  "cat_id": 21.92190979700091,
  "amount_log": 17.95455461985408,
  "hour": 17.49236233145866,
  "amount": 17.463275408570293,
  "population_city": 4.787467010030896
}